<?xml version="1.0" encoding="UTF-8"?>
<project-private xmlns="http://www.netbeans.org/ns/project-private/1">
    <editor-bookmarks xmlns="http://www.netbeans.org/ns/editor-bookmarks/2" lastBookmarkId="0"/>
    <open-files xmlns="http://www.netbeans.org/ns/projectui-open-files/2">
        <group>
            <file>file:/D:/Users/Willy/Desktop/Github/JuegoJava/anillos-items/src/Personaje/Personaje.java</file>
            <file>file:/D:/Users/Willy/Desktop/Github/JuegoJava/anillos-items/src/Personaje/Quest.java</file>
            <file>file:/D:/Users/Willy/Desktop/Github/JuegoJava/anillos-items/src/Personaje/Enemigo.java</file>
            <file>file:/D:/Users/Willy/Desktop/Github/JuegoJava/anillos-items/src/Personaje/map1.txt</file>
            <file>file:/D:/Users/Willy/Desktop/Github/JuegoJava/anillos-items/src/Personaje/Ventana_mapa.java</file>
            <file>file:/D:/Users/Willy/Desktop/Github/JuegoJava/anillos-items/src/Personaje/FrameJuego.java</file>
            <file>file:/D:/Users/Willy/Desktop/Github/JuegoJava/anillos-items/src/Personaje/Mapa.java</file>
        </group>
    </open-files>
</project-private>
